Index,Area,Keyword,Name,Rating,Reviews,Address,Phone,Maps Website,Actual Website,Contact Form URL,Maps URL,All Emails,Email Count,Timestamp
1,New York,Digital marketing agency,Hunter Digital Marketing Agency - Social Media & Search Marketing Agency in New York,4.9,8,"800 6th Ave Suite 36C, New York, NY 10001, United States",+1 929-265-5595,https://jivesmedia.com,https://www.sucuri.net/?utm_source=firewall_block,,https://www.google.com/maps/place/Hunter+Digital+Marketing+Agency+-+Social+Media+%26+Search+Marketing+Agency+in+New+York/data=!4m7!3m6!1s0x89c288c707ca5129:0xb4c46c0ddce1cc86!8m2!3d40.7450692!4d-73.9934267!16s%2Fg%2F1td4l13m!19sChIJKVHKB8eIwokRhszh3A1sxLQ?authuser=0&hl=en&rclk=1,,0,2026-03-31T12:49:28.363Z
2,New York,Digital marketing agency,Organic Digital Marketing,4.6,15,"444E East 86th St, New York, NY 10128, United States",+1 646-980-3907,https://digital-marketing-usa.com,https://digital-marketing-usa.com,,https://www.google.com/maps/place/Organic+Digital+Marketing/data=!4m7!3m6!1s0x89c25988509b84b7:0xd56e5c5df962c777!8m2!3d40.7759725!4d-73.9478532!16s%2Fg%2F11h39lwhx0!19sChIJt4SbUIhZwokRd8di-V1cbtU?authuser=0&hl=en&rclk=1,,0,2026-03-31T12:49:42.098Z
3,New York,Digital marketing agency,Clickmen™ Digital Marketing Agency,5.0,33,"45 Rockefeller Plaza, New York, NY 10111, United States",+1 917-444-3666,https://clickmen.us,https://clickmen.us/,https://clickmen.us/contact-us/,https://www.google.com/maps/place/Clickmen%E2%84%A2+Digital+Marketing+Agency/data=!4m7!3m6!1s0x2565cd107814b3cd:0x7fb95772890dcdd7!8m2!3d40.7591523!4d-73.9777136!16s%2Fg%2F11w43n2yct!19sChIJzbMUeBDNZSUR180NiXJXuX8?authuser=0&hl=en&rclk=1,,0,2026-03-31T12:50:00.312Z
4,New York,Digital marketing agency,Chatter Buzz - Advertising Agency,4.9,42,"246 5th Ave 3rd floor, New York, NY 10001, United States",+1 718-736-2880,https://chatterbuzzmedia.com,https://www.chatterbuzzmedia.com/,https://www.chatterbuzzmedia.com/#,https://www.google.com/maps/place/Chatter+Buzz+-+Advertising+Agency/data=!4m7!3m6!1s0x89c259a61359c9b1:0x37fa32b5cc91b57!8m2!3d40.7447651!4d-73.9878047!16s%2Fg%2F11hcdvzwxm!19sChIJsclZE6ZZwokRVxvJXCujfwM?authuser=0&hl=en&rclk=1,,0,2026-03-31T12:50:16.280Z
5,New York,Digital marketing agency,Digital Drew SEM,5.0,69,"110 E 28th St 10th Floor, New York, NY 10016, United States",+1 917-513-0533,https://calendly.com,https://calendly.com/,https://calendly.com/contact,https://www.google.com/maps/place/Digital+Drew+SEM/data=!4m7!3m6!1s0x89c258c741910ab1:0x7b88198b45022808!8m2!3d40.7429246!4d-73.9834751!16s%2Fg%2F11f24vg3gh!19sChIJsQqRQcdYwokRCCgCRYsZiHs?authuser=0&hl=en&rclk=1,,0,2026-03-31T12:50:35.852Z
6,New York,Digital marketing agency,DS&P Digital Marketing & PR Agency,4.9,36,"590 Madison Ave 21st floor, New York, NY 10022, United States",+1 888-722-1998,https://dial911fordesign.com,https://www.dial911fordesign.com/,https://www.dial911fordesign.com/,https://www.google.com/maps/place/DS%26P+Digital+Marketing+%26+PR+Agency/data=!4m7!3m6!1s0x89c2599a9eb4b881:0xa23129af8e50424f!8m2!3d40.7621698!4d-73.9728933!16s%2Fg%2F11spmcg4_6!19sChIJgbi0nppZwokRT0JQjq8pMaI?authuser=0&hl=en&rclk=1,,0,2026-03-31T12:50:49.752Z
7,New York,Digital marketing agency,Aumcore,4.9,22,"33 Irving Pl, New York, NY 10003, United States",+1 212-776-1414,https://aumcore.com,https://www.aumcore.com/,https://www.aumcore.com/contact/,https://www.google.com/maps/place/Aumcore/data=!4m7!3m6!1s0x89c259cdd583d39f:0xbb6b0028c2ab8586!8m2!3d40.735083!4d-73.9881983!16s%2Fg%2F11h5vz78my!19sChIJn9OD1c1ZwokRhoWrwigAa7s?authuser=0&hl=en&rclk=1,%20newyork@aumcore.com; %20london@aumcore.com; %20kualalumpur@aumcore.com,3,2026-03-31T12:51:10.023Z
8,New York,Digital marketing agency,inBeat Agency,4.9,237,"90 Broad St 2nd Floor, New York, NY 10004, United States",+1 212-466-6915,https://inbeat.agency,https://inbeat.agency/,,https://www.google.com/maps/place/inBeat+Agency/data=!4m7!3m6!1s0x89c25ba3a6cddb8b:0xcc9bfdeda918203d!8m2!3d40.7037765!4d-74.0119032!16s%2Fg%2F11nftss620!19sChIJi9vNpqNbwokRPSAYqe39m8w?authuser=0&hl=en&rclk=1,hello@inbeat.agency,1,2026-03-31T12:51:27.915Z
5,New York,Digital marketing agency,Main Street ROI,4.9,241,,+1 646-470-3753,https://mainstreetroi.com,https://www.mainstreetroi.com/,https://www.mainstreetroi.com/contact/,https://www.google.com/maps/place/Main+Street+ROI/data=!4m7!3m6!1s0x89c2585f5fee55e7:0xd5f7cbbf19e2368e!8m2!3d40.778052!4d-73.5683375!16s%2Fg%2F12qgm74j4!19sChIJ51XuX19YwokRjjbiGb_L99U?authuser=0&hl=en&rclk=1,pete@mainstreetroi.com; kaitlin@mainstreetroi.com; morgan@mainstreetroi.com,3,2026-03-31T13:05:04.224Z
9,New York,Digital marketing agency,Leadige Media Group,4.9,45,"1501 Broadway 12th floor, New York, NY 10036, United States",+1 646-303-7851,https://leadige.agency,https://leadige.agency/,https://leadige.agency/contact-us,https://www.google.com/maps/place/Leadige+Media+Group/data=!4m7!3m6!1s0x89c25854e6aa136f:0x20cf9222f820b1e6!8m2!3d40.757068!4d-73.986446!16s%2Fg%2F12lkcfsch!19sChIJbxOq5lRYwokR5rEg-CKSzyA?authuser=0&hl=en&rclk=1,hello@leadige.agency,1,2026-03-31T13:05:38.527Z
11,New York,Digital marketing agency,NuStream,5.0,12,"369 Lexington Ave 3rd floor suite 351, New York, NY 10017, United States",+1 212-213-0035,https://nustreammarketing.com,https://nustreammarketing.com/,https://nustreammarketing.com/contact/,https://www.google.com/maps/place/NuStream/data=!4m7!3m6!1s0x89c259fd3ca8169d:0x7487a3599770d33f!8m2!3d40.750579!4d-73.9764314!16s%2Fg%2F11h7b5dcj4!19sChIJnRaoPP1ZwokRP9Nwl1mjh3Q?authuser=0&hl=en&rclk=1,,0,2026-03-31T13:06:21.746Z
12,New York,Digital marketing agency,BusySeed,4.8,62,"1178 Broadway #508, New York, NY 10001, United States",+1 888-353-1484,https://calendly.com,https://calendly.com/,https://calendly.com/contact,https://www.google.com/maps/place/BusySeed/data=!4m7!3m6!1s0x89c2f716ec1978ed:0x7d1ea29a8aa1d80c!8m2!3d40.7452353!4d-73.9881912!16s%2Fg%2F11k__7f41m!19sChIJ7XgZ7Bb3wokRDNihipqiHn0?authuser=0&hl=en&rclk=1,,0,2026-03-31T13:06:38.636Z
13,New York,Digital marketing agency,Digital NYC Agency,4.8,6,"157 Columbus Ave 4th fl, New York, NY 10023, United States",+1 212-301-0575,https://digitalnycagency.com,https://www.digitalnycagency.com/,https://www.digitalnycagency.com/contact,https://www.google.com/maps/place/Digital+NYC+Agency/data=!4m7!3m6!1s0x89c258f52d8a984f:0xf2bb8451229cd7c3!8m2!3d40.774285!4d-73.9807173!16s%2Fg%2F11kc8mrw7r!19sChIJT5iKLfVYwokRw9ecIlGEu_I?authuser=0&hl=en&rclk=1,info@digitalnycagency.com,1,2026-03-31T13:07:40.610Z
14,New York,Digital marketing agency,DPDK - Brand innovation agency for the bold,5.0,50,"185 Wythe Ave, Brooklyn, NY 11249, United States",+1 718-782-4050,https://dpdk.com,https://dpdk.com/,https://dpdk.com/contact,https://www.google.com/maps/place/DPDK+-+Brand+innovation+agency+for+the+bold/data=!4m7!3m6!1s0x89c25902c92c67df:0x5b3ee4d6938c150e!8m2!3d40.7180815!4d-73.961806!16s%2Fg%2F11c6cgzx74!19sChIJ32csyQJZwokRDhWMk9bkPls?authuser=0&hl=en&rclk=1,info@dpdk.com,1,2026-03-31T13:07:55.416Z
15,New York,Digital marketing agency,5Boro Digital,5.0,31,"99 Wall St ste. 3031, New York, NY 10005, United States",+1 914-200-3610,https://www.google.com/url?q=https://5borodigital.com/&opi=79508299&sa=U&ved=0ahUKEwjClOPEmsqTAxXfGbkGHekcOHMQ61gIFSgQ&usg=AOvVaw3z0jzxHtb0KEBKB6_uqGTG,https://5borodigital.com/,https://5borodigital.com/#contact,https://www.google.com/maps/place/5Boro+Digital/data=!4m7!3m6!1s0x89c25b10d53dbae9:0xff3a26d42d5d8c33!8m2!3d40.7049014!4d-74.0072444!16s%2Fg%2F11jclfjpwy!19sChIJ6bo91RBbwokRM4xdLdQmOv8?authuser=0&hl=en&rclk=1,info@5borodigital.com; info@5BoroDigital.com,2,2026-03-31T13:08:15.841Z
16,New York,Digital marketing agency,NoGood - Growth Marketing Agency,4.6,9,"491 Broadway, New York, NY 10012, United States",,https://nogood.io,https://nogood.io/,https://nogood.io/contact-us/,https://www.google.com/maps/place/NoGood+-+Growth+Marketing+Agency/data=!4m7!3m6!1s0x89c2592ec34d52b7:0xe0d9d30d1ac9bb40!8m2!3d40.7220902!4d-74.000013!16s%2Fg%2F11h81gtk44!19sChIJt1JNwy5ZwokRQLvJGg3T2eA?authuser=0&hl=en&rclk=1,,0,2026-03-31T13:08:39.558Z
17,New York,Digital marketing agency,Star Tech SEO - Digital Marketing Agency New York,5.0,17,"481 8th Ave suite #627, New York, NY 10001, United States",+1 212-970-5854,https://startechseo.com,https://startechseo.com/,https://startechseo.com/contact-us/,https://www.google.com/maps/place/Star+Tech+SEO+-+Digital+Marketing+Agency+New+York/data=!4m7!3m6!1s0xaadd292c748e9771:0x5f50b98bce59c6d3!8m2!3d40.752697!4d-73.9935515!16s%2Fg%2F11wmy6p_dg!19sChIJcZeOdCwp3aoR08ZZzou5UF8?authuser=0&hl=en&rclk=1,office@startechseo.com,1,2026-03-31T13:08:58.258Z
18,New York,Digital marketing agency,"Ruckus Marketing, LLC",4.6,18,"240 W 37th St 11th floor, New York, NY 10018, United States",+1 646-564-3880,https://ruckusmarketing.com,https://www.ruckusmarketing.com/,https://www.ruckusmarketing.com/contact-us/,"https://www.google.com/maps/place/Ruckus+Marketing,+LLC/data=!4m7!3m6!1s0x89c259adb60c48bf:0x963f2096641d83c1!8m2!3d40.7534535!4d-73.9907376!16s%2Fg%2F1tnply1r!19sChIJv0gMtq1ZwokRwYMdZJYgP5Y?authuser=0&hl=en&rclk=1",,0,2026-03-31T13:09:19.553Z
19,New York,Digital marketing agency,Digital Marketing 1on1 SEO,5.0,20,"1325 Ave of the Americas, New York, NY 10019, United States",+1 818-538-4805,https://marketing1on1.com,https://www.marketing1on1.com/,https://www.marketing1on1.com/contact-us/,https://www.google.com/maps/place/Digital+Marketing+1on1+SEO/data=!4m7!3m6!1s0x89c259635be0ddaf:0x49a85dcc3f9bf967!8m2!3d40.7622973!4d-73.9797344!16s%2Fg%2F11t13swrwj!19sChIJr93gW2NZwokRZ_mbP8xdqEk?authuser=0&hl=en&rclk=1,,0,2026-03-31T13:09:41.986Z
20,New York,Digital marketing agency,DD.NYC®,4.9,84,"85 Broad St 17th Floor - Suite, #17.005, New York, NY 10004, United States",+1 212-380-1761,https://dd.nyc,https://dd.nyc/,https://dd.nyc/contact/?linkcontact=top-contact-button,https://www.google.com/maps/place/DD.NYC%C2%AE/data=!4m7!3m6!1s0x89c259f5999cf0ab:0x620bebb9ec5f2f32!8m2!3d40.7040881!4d-74.0112022!16s%2Fg%2F11fjtqg_7x!19sChIJq_CcmfVZwokRMi9f7LnrC2I?authuser=0&hl=en&rclk=1,hello@dd.nyc,1,2026-03-31T13:09:59.086Z
21,New York,Digital marketing agency,MeanPug Digital,5.0,25,"280 Madison Ave Rm 506, New York, NY 10016, United States",+1 646-461-4213,https://meanpug.com,https://www.meanpug.com/,https://www.meanpug.com/contact-us/,https://www.google.com/maps/place/MeanPug+Digital/data=!4m7!3m6!1s0x89c258c0a3b14cf5:0x86c79fe751305875!8m2!3d40.7514661!4d-73.9806798!16s%2Fg%2F11ddzl9ypb!19sChIJ9Uyxo8BYwokRdVgwUeefx4Y?authuser=0&hl=en&rclk=1,aleksandar@meanpug.com; rachael@meanpug.com; bark@meanpug.com; bobby@meanpug.com; andrew@meanpug.com; mike@meanpug.com; tara@meanpug.com; oxana@meanpug.com; lyn@meanpug.com; alla@meanpug.com; naveena@meanpug.com; sydney@meanpug.com; liam@meanpug.com; micah@meanpug.com; ishani@meanpug.com; rob@meanpug.com; luis@meanpug.com; brian@meanpug.com; liamlipsky@meanpug.com; ryan@meanpug.com; kailyn@meanpug.com; dana@meanpug.com; yitz@meanpug.com; jack@meanpug.com; neeraj@meanpug.com; anthony@meanpug.com; john@meanpug.com; andy@meanpug.com,28,2026-03-31T13:10:15.971Z
1,New York,Digital marketing agency,"Vab Media Digital Agency, LLC",4.8,28,"800 6th Ave Suite 36C, New York, NY 10001, United States",+1 929-265-5595,https://jivesmedia.com,https://www.sucuri.net/?utm_source=firewall_block,,"https://www.google.com/maps/place/Vab+Media+Digital+Agency,+LLC/data=!4m7!3m6!1s0x89c2598a7672325f:0xa13a4a00919176c2!8m2!3d40.7182981!4d-74.0022812!16s%2Fg%2F11bccmbbrk!19sChIJXzJydopZwokRwnaRkQBKOqE?authuser=0&hl=en&rclk=1",,0,2026-03-31T13:17:14.489Z
21,New York,Digital marketing agency,Golden Web Media,5.0,45,"430 Park Ave, New York, NY 10022, United States",+1 201-800-4692,https://hubspot.com,https://www.hubspot.com/,https://offers.hubspot.com/contact-sales?hubs_signup-url=www.hubspot.com/&hubs_signup-cta=nav-utility-contactsales&hubs_content=www.hubspot.com/&hubs_content-cta=nav-utility-contactsales,https://www.google.com/maps/place/Golden+Web+Media/data=!4m7!3m6!1s0x89c2f622e4158a23:0x76d6cb1cc172c68e!8m2!3d40.7607986!4d-73.9717622!16s%2Fg%2F11dfwydkvs!19sChIJI4oV5CL2wokRjsZywRzL1nY?authuser=0&hl=en&rclk=1,,0,2026-03-31T13:20:03.521Z
22,New York,Digital marketing agency,Thrive Internet Marketing Agency,4.1,8,"260 Madison Ave 8th floor, New York, NY 10016, United States",+1 315-930-1001,https://thriveagency.com,https://thriveagency.com,,https://www.google.com/maps/place/Thrive+Internet+Marketing+Agency/data=!4m7!3m6!1s0x89c25900c6c04877:0x2bd31146a1ffca74!8m2!3d40.7506832!4d-73.9811227!16s%2Fg%2F11f13vcvbw!19sChIJd0jAxgBZwokRdMr_oUYR0ys?authuser=0&hl=en&rclk=1,,0,2026-03-31T13:20:22.933Z
23,New York,Digital marketing agency,e9digital,5.0,108,"606 W 57th St #4403, New York, NY 10019, United States",,https://e9digital.com,https://e9digital.com/,https://e9digital.com/contact,https://www.google.com/maps/place/e9digital/data=!4m7!3m6!1s0x89c259ad3d978295:0xcd41fc2e73bfb26d!8m2!3d40.7704288!4d-73.9922675!16s%2Fg%2F1thsb8b7!19sChIJlYKXPa1ZwokRbbK_cy78Qc0?authuser=0&hl=en&rclk=1,,0,2026-03-31T13:20:46.474Z
24,New York,Digital marketing agency,Voy Media,4.7,33,"143 W 29th St Suite 204, New York, NY 10001, United States",,https://voymedia.com,https://voymedia.com/,https://voymedia.com/contact/,https://www.google.com/maps/place/Voy+Media/data=!4m7!3m6!1s0x89c2598b44e52311:0x5da7727fbff0259b!8m2!3d40.7475414!4d-73.9916139!16s%2Fg%2F11gn1x5_g4!19sChIJESPlRItZwokRmyXwv39yp10?authuser=0&hl=en&rclk=1,kevin@voymedia.com; Kevin@voymedia.com,2,2026-03-31T13:21:03.720Z
25,New York,Digital marketing agency,Unique Marketing,4.9,31,"199 Water St #35D, New York, NY 10038, United States",+1 929-930-2393,https://umarketing.us,https://umarketing.us/,https://umarketing.us/contact-us/,https://www.google.com/maps/place/Unique+Marketing/data=!4m7!3m6!1s0x89c25b77440348b1:0x96e8e68180fe70b3!8m2!3d40.706937!4d-74.0044856!16s%2Fg%2F11l24slkfp!19sChIJsUgDRHdbwokRs3D-gIHm6JY?authuser=0&hl=en&rclk=1,info@umarketing.us,1,2026-03-31T13:21:25.592Z
26,New York,Digital marketing agency,"JH SEO Agency | New York SEO Experts - Digital Marketing, Ads Management, & Web Development",5.0,22,"445 W 21st St #4F, New York, NY 10011, United States",+1 213-894-9220,https://jhseoagency.com,https://jhseoagency.com,,"https://www.google.com/maps/place/JH+SEO+Agency+%7C+New+York+SEO+Experts+-+Digital+Marketing,+Ads+Management,+%26+Web+Development/data=!4m7!3m6!1s0x89c259d9e5d0f3a7:0x3b2e77cebd0bb826!8m2!3d40.7461093!4d-74.0038825!16s%2Fg%2F11hzpl1_vs!19sChIJp_PQ5dlZwokRJrgLvc53Ljs?authuser=0&hl=en&rclk=1",,0,2026-03-31T13:21:44.800Z
27,New York,Digital marketing agency,Demand Growth Digital,4.8,69,"135 Madison Ave 5th Floor, New York, NY 10016, United States",+1 646-492-8643,https://demandgrowthdigital.com,,,https://www.google.com/maps/place/Demand+Growth+Digital/data=!4m7!3m6!1s0x89c259bae0fb76ad:0x587d6edc861627d9!8m2!3d40.7461864!4d-73.9836573!16s%2Fg%2F11scrjmtqs!19sChIJrXb74LpZwokR2ScWhtxufVg?authuser=0&hl=en&rclk=1,,0,2026-03-31T13:22:11.413Z
28,New York,Digital marketing agency,Blue Ocean Global Technology,5.0,362,"70 Pine St #1324, New York, NY 10005, United States",+1 202-276-7589,https://blueoceanglobaltech.com,https://www.blueoceanglobaltech.com/,https://www.blueoceanglobaltech.com/contact-us/,https://www.google.com/maps/place/Blue+Ocean+Global+Technology/data=!4m7!3m6!1s0x89c25a16c0fb6d65:0xd1c38433e65fa9fc!8m2!3d40.7064496!4d-74.007757!16s%2Fg%2F11b7q5rvn0!19sChIJZW37wBZawokR_Klf5jOEw9E?authuser=0&hl=en&rclk=1,info@blueoceanglobaltech.com,1,2026-03-31T13:22:40.077Z
29,New York,Digital marketing agency,NYC Digital Marketing Agency - Vitruvian Agency,,,"800 6th Ave #37c, New York, NY 10001, United States",+1 507-200-0559,https://vitruvianagency.com,https://vitruvianagency.com/,https://vitruvianagency.com/contact/,https://www.google.com/maps/place/NYC+Digital+Marketing+Agency+-+Vitruvian+Agency/data=!4m7!3m6!1s0x89c259f496e972f5:0x204b753e1727f9b7!8m2!3d40.7453911!4d-73.9904866!16s%2Fg%2F11l32983fj!19sChIJ9XLplvRZwokRt_knFz51SyA?authuser=0&hl=en&rclk=1,info@vitruvianagency.com,1,2026-03-31T13:22:58.612Z
30,New York,Digital marketing agency,AdVenture Media Group,4.9,173,"1074 Broadway, Woodmere, NY 11598, United States",+1 516-218-3722,https://adventureppc.com,https://www.adventureppc.com/industries/home-service-lead-generation,https://www.adventureppc.com/contact,https://www.google.com/maps/place/AdVenture+Media+Group/data=!4m7!3m6!1s0x89c265c02837d0bd:0x79cafd562781151!8m2!3d40.6325021!4d-73.7068328!16s%2Fg%2F11b6jh0t3s!19sChIJvdA3KMBlwokRURF4YtWvnAc?authuser=0&hl=en&rclk=1,info@adventureppc.com,1,2026-03-31T13:23:12.682Z
31,New York,Digital marketing agency,Top New York City SEO Company,5.0,81,"594 Broadway Suite 701, Bronx, NY 10012, United States",+1 646-452-5272,https://topnewyorkseo.company,https://www.newyorkseo.com,https://www.topnewyorkseo.company/contact,https://www.google.com/maps/place/Top+New+York+City+SEO+Company/data=!4m7!3m6!1s0x89c259aff12f8429:0x95b5e7b8165152c0!8m2!3d40.8765602!4d-73.856082!16s%2Fg%2F11y3n5d22y!19sChIJKYQv8a9ZwokRwFJRFrjntZU?authuser=0&hl=en&rclk=1,,0,2026-03-31T13:23:28.249Z
32,New York,Digital marketing agency,Verbsz Marketing,5.0,32,"287 Park Ave S Suite 700, New York, NY 10010, United States",+1 571-303-9090,https://verbszmarketing.com,https://verbszmarketing.com,,https://www.google.com/maps/place/Verbsz+Marketing/data=!4m7!3m6!1s0x89c25986a80e79eb:0x453ada55acbe770d!8m2!3d40.7396867!4d-73.9865419!16s%2Fg%2F11t4lvvnmb!19sChIJ63kOqIZZwokRDXe-rFXaOkU?authuser=0&hl=en&rclk=1,,0,2026-03-31T13:23:42.994Z
33,New York,Digital marketing agency,"Succeedo - Digital Marketing, SEO, Web Development Agency in New York, NYC",5.0,6,"1330 6th Ave 23rd floor, New York, NY 10019, United States",+1 332-263-9677,https://wa.me,https://www.whatsapp.com/,https://www.whatsapp.com/contact,"https://www.google.com/maps/place/Succeedo+-+Digital+Marketing,+SEO,+Web+Development+Agency+in+New+York,+NYC/data=!4m7!3m6!1s0x89c25911791db3a7:0xaaf0c1812f1f3318!8m2!3d40.7619555!4d-73.9784759!16s%2Fg%2F11v6f9pk69!19sChIJp7MdeRFZwokRGDMfL4HB8Ko?authuser=0&hl=en&rclk=1",,0,2026-03-31T13:23:56.636Z
34,New York,Digital marketing agency,Digital Marketing Agency NYC - Mack,5.0,4,"5 Hanover Square 12th Floor, New York, NY 10004, United States",+1 929-207-5837,https://mackmediagroup.com,https://mackmediagroup.com,,https://www.google.com/maps/place/Digital+Marketing+Agency+NYC+-+Mack/data=!4m7!3m6!1s0x89c25bf8fc713c33:0x21242a23af307629!8m2!3d40.7050758!4d-74.0091604!16s%2Fg%2F11whz96swc!19sChIJMzxx_PhbwokRKXYwryMqJCE?authuser=0&hl=en&rclk=1,,0,2026-03-31T13:24:08.550Z
35,New York,Digital marketing agency,The Influencer Marketing Factory,4.6,18,"1 Liberty St 3rd Floor, New York, NY 10006, United States",+1 800-469-9753,https://theinfluencermarketingfactory.com,https://theinfluencermarketingfactory.com/,https://theinfluencermarketingfactory.com/contact-us/,https://www.google.com/maps/place/The+Influencer+Marketing+Factory/data=!4m7!3m6!1s0x89c25b2d5c2611e9:0x3e445bb9f191a6ef!8m2!3d40.7096693!4d-74.0109723!16s%2Fg%2F11hf3lfznc!19sChIJ6REmXC1bwokR76aR8blbRD4?authuser=0&hl=en&rclk=1,hello@theinfluencermarketingfactory.com,1,2026-03-31T13:24:20.537Z
36,New York,Digital marketing agency,Branding New York City,5.0,25,"580 5th Ave #2908, New York, NY 10036, United States",+1 646-340-0889,https://brandingnycity.com,https://www.brandingnycity.com/,https://www.brandingnycity.com/contact/,https://www.google.com/maps/place/Branding+New+York+City/data=!4m7!3m6!1s0x89c2596289995447:0x91e3323bbc8c9bed!8m2!3d40.756935!4d-73.978799!16s%2Fg%2F11qg99ywzn!19sChIJR1SZiWJZwokR7ZuMvDsy45E?authuser=0&hl=en&rclk=1,info@brandingnycity.com; info@Brandingnycity.com,2,2026-03-31T13:24:40.267Z
37,New York,Digital marketing agency,Socium Media,5.0,3,"5 Crosby St, New York, NY 10013, United States",,https://sociummedia.com,https://www.sociummedia.com/,https://www.sociummedia.com/#free-consultation,https://www.google.com/maps/place/Socium+Media/data=!4m7!3m6!1s0x89c25bce8b6112c7:0x9bb4f9074033fa4e!8m2!3d40.7197611!4d-74.0002433!16s%2Fg%2F11h54870_7!19sChIJxxJhi85bwokRTvozQAf5tJs?authuser=0&hl=en&rclk=1,,0,2026-03-31T13:24:56.104Z
38,New York,Digital marketing agency,BD Grow,4.7,15,"49 Elizabeth St Second Floor, New York, NY 10013, United States",+1 516-888-9798,https://bdgrow.com,https://bdgrow.com/,https://bdgrow.com/contact-us/,https://www.google.com/maps/place/BD+Grow/data=!4m7!3m6!1s0x89c25b04d6b7e3a1:0xad6ab6289e1d4513!8m2!3d40.7171917!4d-73.9969374!16s%2Fg%2F11qg5bvyf3!19sChIJoeO31gRbwokRE0Udnii2aq0?authuser=0&hl=en&rclk=1,info@bdgrow.com,1,2026-03-31T13:25:12.956Z
39,New York,Digital marketing agency,AdVenture Media Group,4.9,174,"1074 Broadway, Woodmere, NY 11598, United States",+1 516-218-3722,https://adventureppc.com,https://www.adventureppc.com/industries/home-service-lead-generation,https://www.adventureppc.com/contact,https://www.google.com/maps/place/AdVenture+Media+Group/data=!4m7!3m6!1s0x89c265c02837d0bd:0x79cafd562781151!8m2!3d40.632502!4d-73.706833!16s%2Fg%2F11b6jh0t3s!19sChIJvdA3KMBlwokRURF4YtWvnAc?authuser=0&hl=en&rclk=1,info@adventureppc.com,1,2026-03-31T13:25:25.093Z
40,New York,Digital marketing agency,Sullivan,5.0,2,"292 Madison Ave Floor 21, New York, NY 10017, United States",+1 212-888-2881,https://sullivannyc.com,https://sullivannyc.com/,https://sullivannyc.com/contact/,https://www.google.com/maps/place/Sullivan/data=!4m7!3m6!1s0x89c25a17f9192ae1:0xd0ab5630fe2d07f4!8m2!3d40.75206!4d-73.980225!16s%2Fg%2F1262pp7t2!19sChIJ4SoZ-RdawokR9Act_jBWq9A?authuser=0&hl=en&rclk=1,info@sullivannyc.com,1,2026-03-31T13:25:38.056Z
41,New York,Digital marketing agency,Jasmine Sandler Digital Marketing and Media,5.0,13,"1460 Broadway, 4th Floor NY, NY 10036, 347) 527, New York, NY 10016, United States",+1 347-527-5100,https://jasminesandlerdigitalmarketingmedia.com,https://www.jasminesandlerdigitalmarketingmedia.com/,https://www.jasminesandlerdigitalmarketingmedia.com/contact,https://www.google.com/maps/place/Jasmine+Sandler+Digital+Marketing+and+Media/data=!4m7!3m6!1s0x89c258ff75a6bb87:0xfe73208d183378a3!8m2!3d40.7507212!4d-73.9792885!16s%2Fg%2F11b6ck2gnn!19sChIJh7umdf9YwokRo3gzGI0gc_4?authuser=0&hl=en&rclk=1,,0,2026-03-31T13:25:56.139Z
42,New York,Digital marketing agency,Creative House,5.0,16,"79 Madison Ave, New York, NY 10016, United States",+1 646-355-3158,https://creativehouse.marketing,https://creativehouse.marketing/,https://creativehouse.marketing/contact/,https://www.google.com/maps/place/Creative+House/data=!4m7!3m6!1s0x89c25900daf1a741:0x590d11d4f86a1304!8m2!3d40.7440798!4d-73.98534!16s%2Fg%2F11c2n_d2_l!19sChIJQafx2gBZwokRBBNq-NQRDVk?authuser=0&hl=en&rclk=1,CONTACT@CREATIVEHOUSE.MARKETING; contact@creativehouse.marketing,2,2026-03-31T13:26:22.428Z
43,New York,Digital marketing agency,Digital Marketing Agency NYC,5.0,3,"411 Lafayette St 6th fl, New York, NY 10003, United States",,,,,https://www.google.com/maps/place/Digital+Marketing+Agency+NYC/data=!4m7!3m6!1s0x89c2598b59558eb3:0xe3e2c81226d46a32!8m2!3d40.72833!4d-73.992139!16s%2Fg%2F11dylx3g8z!19sChIJs45VWYtZwokRMmrUJhLI4uM?authuser=0&hl=en&rclk=1,,0,2026-03-31T13:26:49.754Z
44,New York,Digital marketing agency,Leadflow NYC - Lead Gen Agency for Nonprofits & Entrepreneurs,5.0,40,"340 E 23rd St, New York, NY 10010, United States",,https://leadflow.nyc,https://www.leadflow.nyc/www.leadflow.nyc,https://www.leadflow.nyc/contact-us,https://www.google.com/maps/place/Leadflow+NYC+-+Lead+Gen+Agency+for+Nonprofits+%26+Entrepreneurs/data=!4m7!3m6!1s0x89c259a85859daef:0x40aa5b69542218f6!8m2!3d40.7370087!4d-73.9794227!16s%2Fg%2F11fsxc1yxq!19sChIJ79pZWKhZwokR9hgiVGlbqkA?authuser=0&hl=en&rclk=1,han@leadflow.nyc; kevin@leadflow.nyc,2,2026-03-31T13:27:13.413Z
45,New York,Digital marketing agency,Digital Savvy Inc.,5.0,19,"14 Wall St, New York, NY 10005, United States",+1 212-870-8869,https://digitalsavvyny.com,https://digitalsavvyny.com/,https://digitalsavvyny.com/contact-us/,https://www.google.com/maps/place/Digital+Savvy+Inc./data=!4m7!3m6!1s0x888871082b087af5:0xe32a1fad80716a7e!8m2!3d40.7076193!4d-74.0105948!16s%2Fg%2F11w1lqzz0k!19sChIJ9XoIKwhxiIgRfmpxgK0fKuM?authuser=0&hl=en&rclk=1,opportunity@digitalsavvyny.com,1,2026-03-31T13:27:27.670Z
46,New York,Digital marketing agency,AMP Agency,5.0,1,"1500 Broadway 32nd floor, New York, NY 10036, United States",,https://ampagency.com,https://www.ampagency.com/,https://www.ampagency.com/contact,https://www.google.com/maps/place/AMP+Agency/data=!4m7!3m6!1s0x89c259d68254bda3:0x6528df458730fbd1!8m2!3d40.7568052!4d-73.9856882!16s%2Fg%2F11fjz9np7r!19sChIJo71UgtZZwokR0fswh0XfKGU?authuser=0&hl=en&rclk=1,,0,2026-03-31T13:27:50.413Z
47,New York,Digital marketing agency,AuroIN,4.7,75,"285 Fulton St Suite 8500, New York, NY 10007, United States",+1 585-304-1919,https://auroin.com,https://auroin.com/,https://auroin.com/contact/,https://www.google.com/maps/place/AuroIN/data=!4m7!3m6!1s0x89c9d9a29f5dc8d9:0x645708fc195030f2!8m2!3d40.713638!4d-74.0087211!16s%2Fg%2F1z44bj1nh!19sChIJ2chdn6LZyYkR8jBQGfwIV2Q?authuser=0&hl=en&rclk=1,sales@auroin.com,1,2026-03-31T13:28:08.971Z
48,New York,Digital marketing agency,JUICE: Full Service Digital Marketing Agency,5.0,4,"250 Hudson St 2nd Floor, New York, NY 10013, United States",+1 212-688-3683,https://thinkjuice.com,https://www.thinkjuice.com/,,https://www.google.com/maps/place/JUICE:+Full+Service+Digital+Marketing+Agency/data=!4m7!3m6!1s0x89c259a9a9aab5c9:0xeb9d8cfa6bff29e7!8m2!3d40.7249946!4d-74.0072895!16s%2Fg%2F11gf0w78xs!19sChIJybWqqalZwokR5yn_a_qMnes?authuser=0&hl=en&rclk=1,hello@thinkjuice.com,1,2026-03-31T13:28:27.993Z
49,New York,Digital marketing agency,Mimvi SEO,5.0,85,"Seagram Building, 375 Park Ave, New York, NY 10152, United States",+1 917-477-6552,https://hubspot.com,https://www.hubspot.com/,https://offers.hubspot.com/contact-sales?hubs_signup-url=www.hubspot.com%2F&hubs_signup-cta=nav-utility-contactsales&hubs_content=www.hubspot.com%2F&hubs_content-cta=nav-utility-contactsales&wfoid=ff0d64acc0.1774963188,https://www.google.com/maps/place/Mimvi+SEO/data=!4m7!3m6!1s0x89c258fca8900001:0x12ba9d1aa3fb2a70!8m2!3d40.7582729!4d-73.9719375!16s%2Fg%2F11d_790mht!19sChIJAQCQqPxYwokRcCr7oxqduhI?authuser=0&hl=en&rclk=1,,0,2026-03-31T13:29:01.549Z
50,New York,Digital marketing agency,Digital Silk,4.6,18,"18 W 18th St, New York, NY 10011, United States",+1 800-206-9413,https://digitalsilk.com,,,https://www.google.com/maps/place/Digital+Silk/data=!4m7!3m6!1s0x89c259251920a01d:0xa42041c92e87db24!8m2!3d40.7388072!4d-73.9934329!16s%2Fg%2F11j1d3fqyb!19sChIJHaAgGSVZwokRJNuHLslBIKQ?authuser=0&hl=en&rclk=1,,0,2026-03-31T13:29:28.560Z
51,New York,Digital marketing agency,Big Drop Inc - Web Design Company,4.9,55,"169 Madison St Suite 15613, New York, NY 10038, United States",+1 212-244-3767,https://bigdropinc.com,https://bigdropinc.com,,https://www.google.com/maps/place/Big+Drop+Inc+-+Web+Design+Company/data=!4m7!3m6!1s0x89c25a1160c1bd89:0x3e8730637ff1e8a8!8m2!3d40.7128279!4d-73.9910738!16s%2Fg%2F1ptzc_g5s!19sChIJib3BYBFawokRqOjxf2Mwhz4?authuser=0&hl=en&rclk=1,,0,2026-03-31T13:29:42.062Z
52,New York,Digital marketing agency,PBJ Marketing,5.0,15,"175 Varick St, New York, NY 10014, United States",+1 646-770-3271,https://pbjmarketing.com,https://pbjmarketing.com/,https://pbjmarketing.com/contact-old,https://www.google.com/maps/place/PBJ+Marketing/data=!4m7!3m6!1s0x89c25856949e912d:0xcb68430d49932661!8m2!3d40.7274061!4d-74.00605!16s%2Fg%2F1233615tk!19sChIJLZGelFZYwokRYSaTSQ1DaMs?authuser=0&hl=en&rclk=1,makeithappen@pbjmarketing.com,1,2026-03-31T13:29:54.037Z
53,New York,Digital marketing agency,Artmedia Digital,5.0,11,"99 Wall St #227, New York, NY 10005, United States",+1 917-410-4111,https://artmedia.digital,https://artmedia.digital/,https://artmedia.digital/#contact,https://www.google.com/maps/place/Artmedia+Digital/data=!4m7!3m6!1s0x89c25b5642b4e117:0xb6b03ddbb125cb1a!8m2!3d40.7049014!4d-74.0072444!16s%2Fg%2F11ybvp_t1z!19sChIJF-G0QlZbwokRGsslsds9sLY?authuser=0&hl=en&rclk=1,contact@artmedia.digital,1,2026-03-31T13:30:06.687Z
54,New York,Digital marketing agency,Griffon Webstudios,5.0,80,"17 State St 4000 Suite, New York, NY 10004, United States",+1 718-514-9507,https://griffonwebstudios.com,https://griffonwebstudios.com/,https://griffonwebstudios.com/contact-us/,https://www.google.com/maps/place/Griffon+Webstudios/data=!4m7!3m6!1s0x89c25a13a1bd795b:0x637415d5645f71f8!8m2!3d40.7028885!4d-74.0138771!16s%2Fg%2F11c12prbj1!19sChIJW3m9oRNawokR-HFfZNUVdGM?authuser=0&hl=en&rclk=1,contact@griffonwebstudios.com,1,2026-03-31T13:30:25.217Z
55,New York,Digital marketing agency,SEO Marketing Nerds NYC,5.0,12,"32 Clinton St, New York, NY 10002, United States",+1 332-910-0590,https://seomarketingnerds.com,https://www.seomarketingnerd.com/,https://www.seomarketingnerd.com/contact-us/,https://www.google.com/maps/place/SEO+Marketing+Nerds+NYC/data=!4m7!3m6!1s0x89c2593b3d733a13:0xc2700a6e57a8671f!8m2!3d40.7202773!4d-73.9842591!16s%2Fg%2F11t7_dk605!19sChIJEzpzPTtZwokRH2eoV24KcMI?authuser=0&hl=en&rclk=1,,0,2026-03-31T13:30:57.446Z
56,New York,Digital marketing agency,Thought Media,5.0,15,"30 Wall St 8th floor, New York, NY 10005, United States",+1 800-916-3864,https://thoughtmedia.com,,,https://www.google.com/maps/place/Thought+Media/data=!4m7!3m6!1s0x89c25a16fe479063:0xf45bce1cd67f292a!8m2!3d40.7070319!4d-74.0098964!16s%2Fg%2F11cn8t70k5!19sChIJY5BH_hZawokRKil_1hzOW_Q?authuser=0&hl=en&rclk=1,,0,2026-03-31T13:31:19.669Z
57,New York,Digital marketing agency,Massivemedia,4.6,9,"34 W 27th St 6th floor, New York, NY 10001, United States",+1 212-627-7483,https://appointy.com,https://www.appointy.com/,https://www.appointy.com/contactUs/,https://www.google.com/maps/place/Massivemedia/data=!4m7!3m6!1s0x89c259a5ea07220f:0xacec85a894b9203b!8m2!3d40.744819!4d-73.990133!16s%2Fg%2F1tdhfxzt!19sChIJDyIH6qVZwokROyC5lKiF7Kw?authuser=0&hl=en&rclk=1,contact@appointy.com,1,2026-03-31T13:31:36.968Z
58,New York,Digital marketing agency,Amsive,4.6,10,"915 Broadway Ste 501, New York, NY 10010, United States",+1 212-661-8969,https://amsive.com,https://www.amsive.com/,https://www.amsive.com/contact/,https://www.google.com/maps/place/Amsive/data=!4m7!3m6!1s0x89c259a3c392b9e3:0xad99b403dc8da89c!8m2!3d40.7396961!4d-73.9898234!16s%2Fg%2F1thpxrf2!19sChIJ47mSw6NZwokRnKiN3AO0ma0?authuser=0&hl=en&rclk=1,,0,2026-03-31T13:32:05.852Z
59,New York,Digital marketing agency,New York SEO Company - Marketing Blink,4.0,4,"222 Broadway 19th floor, New York, NY 10038, United States",+1 201-885-7677,https://marketingblink.com,,,https://www.google.com/maps/place/New+York+SEO+Company+-+Marketing+Blink/data=!4m7!3m6!1s0x8d306fb1e6f992c3:0x8b75512db819d176!8m2!3d40.710968!4d-74.0084713!16s%2Fg%2F11k46nq4ng!19sChIJw5L55rFvMI0RdtEZuC1RdYs?authuser=0&hl=en&rclk=1,,0,2026-03-31T13:32:22.340Z
60,New York,Digital marketing agency,Sapphire Digital Agency,5.0,6,"100 Church St 8th floor, New York, NY 10007, United States",+1 302-455-2757,https://sapphiredigitalagency.com,https://www.sapphiredigitalagency.com/,https://www.sapphiredigitalagency.com/contact-us/,https://www.google.com/maps/place/Sapphire+Digital+Agency/data=!4m7!3m6!1s0x89c25b838a8441d5:0xcf72526e9e880fc2!8m2!3d40.7132971!4d-74.0102069!16s%2Fg%2F11yrv30nh3!19sChIJ1UGEioNbwokRwg-Inm5Scs8?authuser=0&hl=en&rclk=1,info@sapphiredigitalagency.com,1,2026-03-31T13:32:42.460Z
62,New York,Digital marketing agency,Search Geek Solutions SEO Company NJ,,,"230 McCosh Rd, Montclair, NJ 07043, United States",+1 973-264-9340,https://sgsolutionsllc.com,https://sgsolutionsllc.com,,https://www.google.com/maps/place/Search+Geek+Solutions+SEO+Company+NJ/data=!4m7!3m6!1s0x89c2ffc0706228a5:0x55c2e80ef35a60a5!8m2!3d40.857806!4d-74.195836!16s%2Fg%2F11kxl0zxyt!19sChIJpShicMD_wokRpWBa8w7owlU?authuser=0&hl=en&rclk=1,,0,2026-03-31T13:33:03.399Z
63,New York,Digital marketing agency,Best Marketing NYC,4.1,14,"20 E 46th St rm 200, New York, NY 10017, United States",+1 845-320-2304,https://bestmarketingnyc.com,https://www.bestmarketingnyc.com/,https://www.bestmarketingnyc.com/contact-request-demo/,https://www.google.com/maps/place/Best+Marketing+NYC/data=!4m7!3m6!1s0x89c258fe0d1322a9:0x539e9caa7598f7f0!8m2!3d40.7552871!4d-73.977932!16s%2Fg%2F1v2gfp4w!19sChIJqSITDf5YwokR8PeYdaqcnlM?authuser=0&hl=en&rclk=1,brandon@bestmarketingnyc.com,1,2026-03-31T13:33:26.173Z
64,New York,Digital marketing agency,The Charles Group NYC,4.9,7,"200 Broadway Suite 307, New York, NY 10038, United States",+1 212-226-8929,https://thecharlesnyc.com,https://www.thecharlesgrp.com/,https://www.thecharlesgrp.com/contact/,https://www.google.com/maps/place/The+Charles+Group+NYC/data=!4m7!3m6!1s0x89c2598a217a7457:0x3f9a6637dc99520!8m2!3d40.7105274!4d-74.0089937!16s%2Fg%2F1hhvrl18l!19sChIJV3R6IYpZwokRIJXJfWOm-QM?authuser=0&hl=en&rclk=1,,0,2026-03-31T13:33:46.172Z
65,New York,Digital marketing agency,eBrandz,4.8,86,"171 Madison Ave #1006, New York, NY 10016, United States",+1 212-685-6060,https://ebrandz.com,https://www.ebrandz.in/,https://www.ebrandz.in/contactus/,https://www.google.com/maps/place/eBrandz/data=!4m7!3m6!1s0x89c259a82eb22401:0x87570fbbf2002e10!8m2!3d40.7471083!4d-73.9831343!16s%2Fg%2F1vb9dzsy!19sChIJASSyLqhZwokREC4A8rsPV4c?authuser=0&hl=en&rclk=1,,0,2026-03-31T13:34:09.982Z
66,New York,Digital marketing agency,Ninja Promo,4.9,54,"276 5th Ave, New York, NY 10001, United States",+1 929-492-4413,https://ninjapromo.io,https://ninjapromo.io/,https://ninjapromo.io/contacts,https://www.google.com/maps/place/Ninja+Promo/data=!4m7!3m6!1s0x89c2599539bcc915:0xd5ce71d43e68091b!8m2!3d40.7459698!4d-73.9869095!16s%2Fg%2F11vzryg5m3!19sChIJFcm8OZVZwokRGwloPtRxztU?authuser=0&hl=en&rclk=1,hello@ninjapromo.io; careers@ninjapromo.io; media@ninjapromo.io,3,2026-03-31T13:34:25.584Z
67,New York,Digital marketing agency,NU Media,5.0,25,"589 8th Ave Floor 8, New York, NY 10018, United States",+1 212-868-0868,https://nu.marketing,https://www.nu.marketing/,https://www.nu.marketing/contact-us/,https://www.google.com/maps/place/NU+Media/data=!4m7!3m6!1s0x89c25945034ca73d:0xb763934204b0c8cc!8m2!3d40.7553099!4d-73.9914284!16s%2Fg%2F11k5k0bwwf!19sChIJPadMA0VZwokRzMiwBEKTY7c?authuser=0&hl=en&rclk=1,info@nu.marketing,1,2026-03-31T13:34:42.729Z
